alphanumiso;material_id;Concentration;UsedSource;CountryID;CommodityID
ARE784;Me.Cr;0.373;3;AE;15
AFG004;Me.Cr;0.406545455;250;AF;15
ALB008;Me.Fe;0.46;6;AL;7
ALB008;Me.Al;0.395;21;AL;10
ALB008;Me.Cr;0.42;3;AL;15
ALB008;Me.Cu;0.0126;21;AL;17
ALB008;Me.Ni;0.014;21;AL;28
ARM051;Me.Au;6.40E-06;59;AM;20
ARM051;Me.Mo;5.00E-04;59;AM;27
AGO024;Nm.dig;5.41E-08;250;AO;74
ARG032;Me.Cu;0.0066;13;AR;17
ARG032;Me.Au;2.50E-06;58;AR;20
ARG032;Me.Li;0.0014;250;AR;23
ARG032;Me.Hg;0.0105;99;AR;26
ARG032;Me.Mo;1.90E-04;52;AR;27
ARG032;Me.Ag;3.00E-04;106;AR;34
ARG032;Me.Sn;0.015;"99";AR;37
ARG032;Me.W;0.00515;"99";AR;39
ARG032;Me.U;0.002;"106";AR;40
AUT040;Me.Fe;0.32;52;AT;7
AUT040;Me.Sb;0.05;"120";AT;8
AUT040;Me.W;0.0044;52;AT;39
AUS036;Me.Fe;0.6;6;AU;7
AUS036;Me.Al;0.398;2;AU;10
AUS036;Me.Cr;0.373;3;AU;15
AUS036;Me.Cu;0.0101;255;AU;17
AUS036;Me.Au;1.70E-06;255;AU;20
AUS036;Me.Li;0.03;40;AU;23
AUS036;Me.Mn;0.4741;119;AU;25
AUS036;Me.Ni;0.03;106;AU;28
AUS036;Me.Ir;1.00E-05;120;AU;30
AUS036;Me.Os;1.00E-05;120;AU;30
AUS036;Me.Pd;1.00E-05;120;AU;30
AUS036;Me.Pt;1.00E-05;120;AU;30
AUS036;Me.Rh;1.00E-05;120;AU;30
AUS036;Me.Ru;1.00E-05;120;AU;30
AUS036;Me.Ce;0.05;50;AU;31
AUS036;Me.Dy;0.05;50;AU;31
AUS036;Me.Er;0.05;50;AU;31
AUS036;Me.Eu;0.05;50;AU;31
AUS036;Me.Gd;0.05;50;AU;31
AUS036;Me.Ho;0.05;50;AU;31
AUS036;Me.La;0.05;50;AU;31
AUS036;Me.Lu;0.05;50;AU;31
AUS036;Me.Nd;0.05;50;AU;31
AUS036;Me.Pr;0.05;50;AU;31
AUS036;Me.Pm;0.05;50;AU;31
AUS036;Me.Sm;0.05;50;AU;31
AUS036;Me.Sc;0.05;50;AU;31
AUS036;Me.Tb;0.05;50;AU;31
AUS036;Me.Tm;0.05;50;AU;31
AUS036;Me.Yb;0.05;50;AU;31
AUS036;Me.Y;0.05;50;AU;31
AUS036;Me.Sn;0.015;99;AU;37
AUS036;Me.W;0.00515;99;AU;39
AUS036;Me.U;0.002;106;AU;40
AUS036;Nm.dig;9.42E-07;250;AU;74
AZE031;Me.Fe;0.29;59;AZ;7
AZE031;Me.Cu;0.0099;"9";AZ;17
AZE031;Me.Au;4.00E-06;"106";AZ;20
AZE031;Me.Ag;3.00E-04;"106";AZ;34
AZE031;Me.K2O;0.45;251;AZ;86
BIH070;Me.Fe;0.365511111;250;BA;7
BIH070;Me.Al;0.353666667;250;BA;10
BFA854;Me.Au;4.00E-06;106;BF;20
BFA854;Me.Mn;0.357;8;BF;25
BFA854;Me.Ag;3.00E-04;"106";BF;34
BGR100;Me.Fe;0.3;21;BG;7
BGR100;Me.Cu;0.00905;229;BG;17
BGR100;Me.Au;2.86E-06;106;BG;20
BGR100;Me.Mn;0.28;21;BG;25
BGR100;Me.Mo;0.0019;"52";BG;27
BGR100;Me.Ag;3.00E-04;106;BG;34
BGR100;Me.U;0.002;106;BG;40
BDI108;Me.Au;4.00E-06;106;BI;20
BDI108;Me.Sn;0.015;99;BI;37
BDI108;Me.W;0.00515;99;BI;39
BEN204;Me.Au;4.00E-06;106;BJ;20
BOL068;Me.Sb;0.05;120;BO;8
BOL068;Me.Cu;0.00905;229;BO;17
BOL068;Me.Au;2.27E-06;63;BO;20
BOL068;Me.Ag;1.29E-04;63;BO;34
BOL068;Me.Sn;8.60E-04;43;BO;37
BOL068;Me.W;0.0098;0;BO;39
BOL068;Nm.S;0.1;250;BO;89
BRA076;Me.Fe;0.615;6;BR;7
BRA076;Me.Sb;0.05;"120";BR;8
BRA076;Me.Al;0.5;15;BR;10
BRA076;Me.Cr;0.38;3;BR;15
BRA076;Me.Cu;0.0079;15;BR;17
BRA076;Me.Au;6.10E-06;255;BR;20
BRA076;Me.Li;0.0014;250;BR;23
BRA076;Me.Mn;0.43;251;BR;25
BRA076;Me.Mo;0.0019;"52";BR;27
BRA076;Me.Ni;0.0165;7;BR;28
BRA076;Me.Ce;0.05;50;BR;31
BRA076;Me.Dy;0.05;50;BR;31
BRA076;Me.Er;0.05;50;BR;31
BRA076;Me.Eu;0.05;50;BR;31
BRA076;Me.Gd;0.05;50;BR;31
BRA076;Me.Ho;0.05;50;BR;31
BRA076;Me.La;0.05;50;BR;31
BRA076;Me.Lu;0.05;50;BR;31
BRA076;Me.Nd;0.05;50;BR;31
BRA076;Me.Pr;0.05;50;BR;31
BRA076;Me.Pm;0.05;50;BR;31
BRA076;Me.Sm;0.05;50;BR;31
BRA076;Me.Sc;0.05;50;BR;31
BRA076;Me.Tb;0.05;50;BR;31
BRA076;Me.Tm;0.05;50;BR;31
BRA076;Me.Yb;0.05;50;BR;31
BRA076;Me.Y;0.05;50;BR;31
BRA076;Me.Ag;3.00E-04;106;BR;34
BRA076;Me.Sn;8.60E-04;43;BR;37
BRA076;Me.W;0.00515;99;BR;39
BRA076;Me.U;0.002;106;BR;40
BRA076;Nm.dig;3.01E-07;250;BR;74
BRA076;Me.K2O;0.45;251;BR;86
BTN064;Me.Fe;0.428888889;250;BT;7
BWA072;Me.Cu;0.0099;9;BW;17
BWA072;Me.Au;6.20E-06;106;BW;20
BWA072;Me.Ni;0.01;0;BW;28
BWA072;Me.Ir;1.00E-05;"120";BW;30
BWA072;Me.Os;1.00E-05;"120";BW;30
BWA072;Me.Pd;1.00E-05;"120";BW;30
BWA072;Me.Pt;1.00E-05;"120";BW;30
BWA072;Me.Rh;1.00E-05;"120";BW;30
BWA072;Me.Ru;1.00E-05;"120";BW;30
BWA072;Me.Ag;3.00E-04;"106";BW;34
BWA072;Nm.dig;1.43E-07;250;BW;74
BWA072;Nm.dii;1.43E-07;250;BW;75
BLR112;Me.K2O;0.45;251;BY;86
BLZ084;Me.Au;4.00E-06;"106";BZ;20
CAN124;Me.Fe;0.28;6;CA;7
CAN124;Me.Sb;0.05;120;CA;8
CAN124;Me.Cu;0.008;33;CA;17
CAN124;Me.Au;2.62E-06;255;CA;20
CAN124;Me.Li;0.07;40;CA;23
CAN124;Me.Ir;1.00E-05;120;CA;30
CAN124;Me.Os;1.00E-05;120;CA;30
CAN124;Me.Pd;1.00E-05;120;CA;30
CAN124;Me.Pt;1.00E-05;120;CA;30
CAN124;Me.Rh;1.00E-05;120;CA;30
CAN124;Me.Ru;1.00E-05;120;CA;30
CAN124;Me.Ag;4.50E-04;33;CA;34
CAN124;Me.Sn;0.002;"43";CA;37
CAN124;Me.W;0.00515;99;CA;39
CAN124;Me.U;0.002;106;CA;40
CAN124;Nm.dig;2.53E-07;250;CA;74
CAN124;Me.K2O;0.45;251;CA;86
COD180;Me.Cu;0.0391;229;CD;17
COD180;Me.Au;4.00E-06;106;CD;20
COD180;Me.Ce;0.05;50;CD;31
COD180;Me.Dy;0.05;50;CD;31
COD180;Me.Er;0.05;50;CD;31
COD180;Me.Eu;0.05;50;CD;31
COD180;Me.Gd;0.05;50;CD;31
COD180;Me.Ho;0.05;50;CD;31
COD180;Me.La;0.05;50;CD;31
COD180;Me.Lu;0.05;50;CD;31
COD180;Me.Nd;0.05;50;CD;31
COD180;Me.Pr;0.05;50;CD;31
COD180;Me.Pm;0.05;50;CD;31
COD180;Me.Sm;0.05;50;CD;31
COD180;Me.Sc;0.05;50;CD;31
COD180;Me.Tb;0.05;50;CD;31
COD180;Me.Tm;0.05;50;CD;31
COD180;Me.Yb;0.05;50;CD;31
COD180;Me.Y;0.05;50;CD;31
COD180;Me.Ag;3.00E-04;106;CD;34
COD180;Me.Sn;0.015;99;CD;37
COD180;Me.W;0.00515;99;CD;39
COD180;Nm.dig;1.28E-07;250;CD;74
COD180;Nm.dii;1.28E-07;250;CD;75
CAF140;Me.Au;4.00E-06;106;CF;20
CAF140;Nm.dig;1.28E-07;250;CF;74
CAF140;Nm.dii;1.28E-07;250;CF;75
COG178;Me.Cu;0.0099;"9";CG;17
COG178;Me.Au;4.00E-06;106;CG;20
COG178;Nm.dig;1.28E-07;250;CG;74
CIV384;Me.Au;4.00E-06;106;CI;20
CIV384;Me.Mn;0.329183333;250;CI;25
CIV384;Me.Ag;3.00E-04;"106";CI;34
CIV384;Nm.dig;1.28E-07;250;CI;74
CIV384;Nm.dii;1.28E-07;250;CI;75
CHL152;Me.Fe;0.48;67;CL;7
CHL152;Me.Cu;0.01;44;CL;17
CHL152;Me.Au;1.00E-05;44;CL;20
CHL152;Me.Li;0.0014;40;CL;23
CHL152;Me.Mn;0.0096;40;CL;25
CHL152;Me.Hg;0.0105;99;CL;26
CHL152;Me.K2O;0.45;251;CL;86
CMR120;Me.Au;4.00E-06;106;CM;20
CMR120;Me.Sn;0.015;99;CM;37
CHN156;Me.Fe;0.3;6;CN;7
CHN156;Me.Sb;0.05;120;CN;8
CHN156;Me.Al;0.38575;250;CN;10
CHN156;Me.Cr;0.373;3;CN;15
CHN156;Me.Cu;0.01;254;CN;17
CHN156;Me.Au;8.00E-06;52;CN;20
CHN156;Me.Li;0.005;250;CN;23
CHN156;Me.Mn;0.2;106;CN;25
CHN156;Me.Hg;0.03;120;CN;26
CHN156;Me.Mo;0.002;52;CN;27
CHN156;Me.Ni;0.0177;7;CN;28
CHN156;Me.Ir;1.00E-05;"120";CN;30
CHN156;Me.Os;1.00E-05;"120";CN;30
CHN156;Me.Pd;1.00E-05;"120";CN;30
CHN156;Me.Pt;1.00E-05;"120";CN;30
CHN156;Me.Rh;1.00E-05;"120";CN;30
CHN156;Me.Ru;1.00E-05;"120";CN;30
CHN156;Me.Ce;0.03;50;CN;31
CHN156;Me.Dy;0.03;50;CN;31
CHN156;Me.Er;0.03;50;CN;31
CHN156;Me.Eu;0.03;50;CN;31
CHN156;Me.Gd;0.03;50;CN;31
CHN156;Me.Ho;0.03;50;CN;31
CHN156;Me.La;0.03;50;CN;31
CHN156;Me.Lu;0.03;50;CN;31
CHN156;Me.Nd;0.03;50;CN;31
CHN156;Me.Pr;0.03;50;CN;31
CHN156;Me.Pm;0.03;50;CN;31
CHN156;Me.Sm;0.03;50;CN;31
CHN156;Me.Sc;0.03;50;CN;31
CHN156;Me.Tb;0.03;50;CN;31
CHN156;Me.Tm;0.03;50;CN;31
CHN156;Me.Yb;0.03;50;CN;31
CHN156;Me.Y;0.03;50;CN;31
CHN156;Me.Sn;0.015;99;CN;37
CHN156;Me.W;0.00165;50;CN;39
CHN156;Me.U;0.002;106;CN;40
CHN156;Me.V;0.56;251;CN;41
CHN156;Nm.dig;5.07E-07;250;CN;74
CHN156;Me.K2O;0.45;251;CN;86
CHN156;Nm.S;0.1;250;CN;89
COL170;Me.Fe;0.503333333;250;CO;7
COL170;Me.Al;0.489;250;CO;10
COL170;Me.Cu;0.0099;9;CO;17
COL170;Me.Au;1.80E-06;68;CO;20
COL170;Me.Ni;0.0198;7;CO;28
COL170;Me.Ir;1.00E-05;120;CO;30
COL170;Me.Os;1.00E-05;120;CO;30
COL170;Me.Pd;1.00E-05;120;CO;30
COL170;Me.Pt;1.00E-05;120;CO;30
COL170;Me.Rh;1.00E-05;120;CO;30
COL170;Me.Ru;1.00E-05;120;CO;30
COL170;Me.Ag;3.00E-04;106;CO;34
COL170;Nm.S;0.1;250;CO;89
CRI188;Me.Au;3.20E-06;250;CR;20
CRI188;Me.Ag;1.29E-04;0;CR;34
CSK200;Me.Fe;0.365511111;250;CS;7
CSK200;Me.Sb;0.05;120;CS;8
CSK200;Me.Cu;0.00640625;250;CS;17
CSK200;Me.Mn;0.2896;250;CS;25
CSK200;Me.Hg;0.0105;99;CS;26
CSK200;Me.Ag;0.05;20;CS;34
CSK200;Me.Sn;0.015;99;CS;37
CSK200;Me.W;0.0044;52;CS;39
CSK200;Me.U;1.20E-04;"106";CS;40
CUB192;Me.Fe;0.503333333;250;CU;7
CUB192;Me.Cr;0.21;11;CU;15
CUB192;Me.Cu;0.0099;9;CU;17
CUB192;Me.Au;2.60E-06;15;CU;20
CUB192;Me.Ni;0.002;52;CU;28
CZE203;Me.Au;2.86E-06;"106";CZ;20
CZE203;Me.U;1.20E-04;106;CZ;40
DEU276;Me.Fe;0.365511111;250;DE;7
DEU276;Me.Cu;0.0074;"42";DE;17
DEU276;Me.Au;2.86E-06;"106";DE;20
DEU276;Me.Hg;0.0105;"99";DE;26
DEU276;Me.Ni;0.03;"120";DE;28
DEU276;Me.Ir;1.00E-05;"120";DE;30
DEU276;Me.Os;1.00E-05;"120";DE;30
DEU276;Me.Pd;1.00E-05;"120";DE;30
DEU276;Me.Pt;1.00E-05;"120";DE;30
DEU276;Me.Rh;1.00E-05;"120";DE;30
DEU276;Me.Ru;1.00E-05;"120";DE;30
DEU276;Me.Ag;3.00E-04;"106";DE;34
DEU276;Me.Sn;0.015;"99";DE;37
DEU276;Me.U;0.0024;25;DE;40
DEU276;Me.K2O;0.45;251;DE;86
CIV384;Nm.dig;1.28E-07;250;CI;74
DOM214;Me.Al;0.489;250;DO;10
DOM214;Me.Cu;0.0099;"9";DO;17
DOM214;Me.Au;3.20E-06;250;DO;20
DOM214;Me.Ni;0.0198;7;DO;28
DOM214;Me.Ag;3.00E-04;"106";DO;34
DZA012;Me.Fe;0.5618;250;DZ;7
DZA012;Me.Cu;0.0099;"9";DZ;17
DZA012;Me.Au;4.00E-06;106;DZ;20
DZA012;Me.Hg;0.0105;99;DZ;26
DZA012;Me.Ag;3.10E-04;106;DZ;34
ECU218;Me.Cu;0.007;71;EC;17
ECU218;Me.Au;5.40E-06;71;EC;20
ECU218;Me.Ag;3.00E-04;"106";EC;34
ECU218;Nm.S;0.1;250;EC;89
EGY818;Me.Fe;0.5;99;EG;7
EGY818;Me.Au;4.00E-06;"106";EG;20
EGY818;Me.Mn;0.297;123;EG;25
ERI232;Me.Cu;0.0099;"9";ER;17
ERI232;Me.Au;4.00E-06;106;ER;20
ERI232;Me.Ag;3.00E-04;"106";ER;34
ESP724;Me.Fe;0.3848;105;ES;7
ESP724;Me.Cu;0.0099;9;ES;17
ESP724;Me.Au;2.86E-06;106;ES;20
ESP724;Me.Li;0.02;120;ES;23
ESP724;Me.Hg;0.0105;99;ES;26
ESP724;Me.Ag;1.30E-04;106;ES;34
ESP724;Me.Sn;0.015;99;ES;37
ESP724;Me.W;0.00515;99;ES;39
ESP724;Me.U;1.20E-04;106;ES;40
ESP724;Me.K2O;0.45;251;ES;86
ETH231;Me.Au;4.00E-06;106;ET;20
ETH230;Me.Au;4.00E-06;106;ET;20
FIN246;Me.Cr;0.41;3;FI;15
FIN246;Me.Au;2.86E-06;106;FI;20
FIN246;Me.Hg;0.0105;99;FI;26
FIN246;Me.Ni;0.0155;7;FI;28
FJI242;Me.Au;4.00E-06;106;FJ;20
FJI242;Me.Ag;3.00E-04;106;FJ;34
FRA250;Me.Fe;0.365511111;250;FR;7
FRA250;Me.Al;0.353666667;250;FR;10
FRA250;Me.Cu;0.0074;"42";FR;17
FRA250;Me.Au;2.86E-06;106;FR;20
FRA250;Me.Ag;1.30E-04;106;FR;34
FRA250;Me.W;0.00515;"99";FR;39
FRA250;Me.U;1.20E-04;106;FR;40
FRA250;Me.K2O;0.45;251;FR;86
GAB266;Me.Au;4.00E-06;106;GA;20
GAB266;Me.Mn;0.297;99;GA;25
GAB266;Me.U;0.002;106;GA;40
GAB266;Nm.dig;1.28E-07;250;GA;74
GAB266;Nm.dii;1.28E-07;250;GA;75
GBR826;Me.Fe;0.365511111;250;GB;7
GBR826;Me.Cu;0.0074;"42";GB;17
GBR826;Me.Au;2.86E-06;106;GB;20
GBR826;Me.Ag;3.00E-04;106;GB;34
GBR826;Me.Sn;0.00358;43;GB;37
GBR826;Me.W;0.00515;"99";GB;39
GBR826;Me.K2O;0.45;251;GB;86
GEO268;Me.Cu;0.014;75;GE;17
GEO268;Me.Au;6.40E-06;59;GE;20
GEO268;Me.Mn;0.21;75;GE;25
GUF254;Me.Au;1.80E-06;74;GF;20
GHA288;Me.Al;0.6;250;GH;10
GHA288;Me.Au;4.00E-06;106;GH;20
GHA288;Me.Mn;0.3198;119;GH;25
GHA288;Me.Ag;3.00E-04;106;GH;34
GHA288;Nm.dig;1.28E-07;250;GH;74
GHA288;Nm.dii;1.28E-07;250;GH;75
GIN324;Me.Al;0.6;250;GN;10
GIN324;Me.Au;4.00E-06;106;GN;20
GIN324;Nm.dig;1.13E-07;250;GN;74
GIN324;Nm.dii;1.13E-07;250;GN;75
GNQ226;Me.Au;4.00E-06;106;GQ;20
GRC300;Me.Fe;0.3813;105;GR;7
GRC300;Me.Al;0.22;38;GR;10
GRC300;Me.Cu;0.0099;"9";GR;17
GRC300;Me.Au;2.86E-06;"106";GR;20
GRC300;Me.Mn;0.357;8;GR;25
GTM320;Me.Fe;0.46;6;GT;7
GTM320;Me.Sb;0.05;120;GT;8
GTM320;Me.Cu;0.0099;"9";GT;17
GTM320;Me.Au;2.60E-06;15;GT;20
GTM320;Me.Ni;0.03;"120";GT;28
GTM320;Me.Ag;3.00E-04;106;GT;34
GUY328;Me.Al;0.52;2;GY;10
GUY328;Me.Au;1.35E-06;77;GY;20
GUY328;Nm.dig;3.01E-07;250;GY;74
HND340;Me.Sb;0.05;"120";HN;8
HND340;Me.Cu;0.005;66;HN;17
HND340;Me.Au;3.20E-06;78;HN;20
HND340;Me.Ag;3.00E-04;106;HN;34
HRV191;Me.Al;0.353666667;250;HR;10
HRV191;Me.Ag;3.00E-04;"106";HR;34
HUN348;Me.Al;0.353666667;250;HU;10
HUN348;Me.Au;5.00E-06;250;HU;20
HUN348;Me.Mn;0.215;89;HU;25
HUN348;Me.Ag;3.00E-04;"106";HU;34
HUN348;Me.U;1.20E-04;"106";HU;40
IDN360;Me.Fe;0.428888889;250;ID;7
IDN360;Me.Al;0.398;2;ID;10
IDN360;Me.Cr;0.373;3;ID;15
IDN360;Me.Cu;0.0085;52;ID;17
IDN360;Me.Au;5.00E-06;254;ID;20
IDN360;Me.Ni;0.002;52;ID;28
IDN360;Me.Ag;3.00E-04;106;ID;34
IDN360;Me.Sn;1.90E-04;43;ID;37
IDN360;Nm.dig;5.07E-07;250;ID;74
IDN360;Nm.dii;5.07E-07;250;ID;75
IRL372;Me.Cu;0.0099;"9";IE;17
IRL372;Me.Ag;3.00E-04;106;IE;34
ISR376;Me.Cu;0.0052;"9";IL;17
ISR376;Me.K2O;0.45;251;IL;86
IND356;Me.Fe;0.53;6;IN;7
IND356;Me.Al;0.38575;250;IN;10
IND356;Me.Cr;0.44;3;IN;15
IND356;Me.Cu;0.0133;42;IN;17
IND356;Me.Au;1.00E-05;120;IN;20
IND356;Me.Mn;0.24;8;IN;25
IND356;Me.Ce;0.05;50;IN;31
IND356;Me.Dy;0.05;50;IN;31
IND356;Me.Er;0.05;50;IN;31
IND356;Me.Eu;0.05;50;IN;31
IND356;Me.Gd;0.05;50;IN;31
IND356;Me.Ho;0.05;50;IN;31
IND356;Me.La;0.05;50;IN;31
IND356;Me.Lu;0.05;50;IN;31
IND356;Me.Nd;0.05;50;IN;31
IND356;Me.Pr;0.05;50;IN;31
IND356;Me.Pm;0.05;50;IN;31
IND356;Me.Sm;0.05;50;IN;31
IND356;Me.Sc;0.05;50;IN;31
IND356;Me.Tb;0.05;50;IN;31
IND356;Me.Tm;0.05;50;IN;31
IND356;Me.Yb;0.05;50;IN;31
IND356;Me.Y;0.05;50;IN;31
IND356;Me.Ag;3.00E-04;106;IN;34
IND356;Me.W;0.00515;"99";IN;39
IND356;Me.U;0.002;106;IN;40
IND356;Nm.dig;1.27E-07;250;IN;74
IRQ368;Me.Fe;0.428888889;250;IQ;7
IRQ368;Me.Al;0.38575;250;IQ;10
IRN364;Me.Fe;0.428888889;250;IR;7
IRN364;Me.Al;0.38575;250;IR;10
IRN364;Me.Cr;0.5;3;IR;15
IRN364;Me.Cu;0.0052;9;IR;17
IRN364;Me.Au;1.00E-05;120;IR;20
IRN364;Me.Mn;0.3573;8;IR;25
IRN364;Me.Mo;0.0019;52;IR;27
IRN364;Me.Ag;3.00E-04;106;IR;34
ITA380;Me.Al;0.446;2;IT;10
ITA380;Me.Cu;0.0074;"42";IT;17
ITA380;Me.Au;6.00E-05;21;IT;20
ITA380;Me.Mn;0.2896;250;IT;25
ITA380;Me.Hg;0.0105;"99";IT;26
ITA380;Me.K2O;0.45;251;IT;86
JAM388;Me.Al;0.44;2;JM;10
JAM388;Me.Au;2.60E-06;15;JM;20
JOR400;Me.K2O;0.45;251;JO;86
JPN392;Me.Fe;0.46;6;JP;7
JPN392;Me.Cr;0.373;3;JP;15
JPN392;Me.Cu;0.0052;9;JP;17
JPN392;Me.Au;1.00E-05;120;JP;20
JPN392;Me.Mo;0.0019;"52";JP;27
JPN392;Me.Ir;1.00E-05;"120";JP;30
JPN392;Me.Os;1.00E-05;"120";JP;30
JPN392;Me.Pd;1.00E-05;"120";JP;30
JPN392;Me.Pt;1.00E-05;"120";JP;30
JPN392;Me.Rh;1.00E-05;"120";JP;30
JPN392;Me.Ru;1.00E-05;"120";JP;30
JPN392;Me.Ag;3.00E-04;106;JP;34
JPN392;Me.Sn;0.015;"99";JP;37
JPN392;Me.W;0.00515;"99";JP;39
KEN404;Me.Au;4.00E-06;106;KE;20
KGZ417;Me.Sb;0.05;120;KG;8
KGZ417;Me.Au;5.50E-06;81;KG;20
KGZ417;Me.Mo;8.12E-04;250;KG;27
KGZ417;Me.W;0.00165;25;KG;39
PRK408;Me.Fe;0.428888889;250;KP;7
PRK408;Me.Cu;0.0052;9;KP;17
PRK408;Me.Au;1.00E-05;120;KP;20
PRK408;Me.Ce;0.03;50;KP;31
PRK408;Me.Dy;0.03;50;KP;31
PRK408;Me.Er;0.03;50;KP;31
PRK408;Me.Eu;0.03;50;KP;31
PRK408;Me.Gd;0.03;50;KP;31
PRK408;Me.Ho;0.03;50;KP;31
PRK408;Me.La;0.03;50;KP;31
PRK408;Me.Lu;0.03;50;KP;31
PRK408;Me.Nd;0.03;50;KP;31
PRK408;Me.Pr;0.03;50;KP;31
PRK408;Me.Pm;0.03;50;KP;31
PRK408;Me.Sm;0.03;50;KP;31
PRK408;Me.Sc;0.03;50;KP;31
PRK408;Me.Tb;0.03;50;KP;31
PRK408;Me.Tm;0.03;50;KP;31
PRK408;Me.Yb;0.03;50;KP;31
PRK408;Me.Y;0.03;50;KP;31
PRK408;Me.Ag;3.00E-04;106;KP;34
PRK408;Me.W;0.00515;99;KP;39
KOR410;Me.Fe;0.428888889;250;KR;7
KOR410;Me.Cu;0.0052;9;KR;17
KOR410;Me.Au;1.00E-05;120;KR;20
KOR410;Me.Mo;0.0019;"52";KR;27
KOR410;Me.Ni;0.025;106;KR;28
KOR410;Me.Ag;3.00E-04;106;KR;34
KOR410;Me.W;0.00515;99;KR;39
KAZ398;Me.Fe;0.39;23;KZ;7
KAZ398;Me.Sb;0.05;"120";KZ;8
KAZ398;Me.Al;0.44;80;KZ;10
KAZ398;Me.Cr;0.49;3;KZ;15
KAZ398;Me.Cu;0.0055;24;KZ;17
KAZ398;Me.Au;9.00E-06;80;KZ;20
KAZ398;Me.Mn;0.21;18;KZ;25
KAZ398;Me.Mo;1.70E-04;23;KZ;27
KAZ398;Me.Ni;0.0075;18;KZ;28
KAZ398;Me.Ag;3.00E-04;106;KZ;34
KAZ398;Me.Sn;0.015;99;KZ;37
KAZ398;Me.W;0.00134;23;KZ;39
KAZ398;Me.U;0.0012;23;KZ;40
LAO418;Me.Sb;0.05;"120";LA;8
LAO418;Me.Cu;0.0052;9;LA;17
LAO418;Me.Au;4.00E-06;106;LA;20
LAO418;Me.Ag;3.00E-04;106;LA;34
LAO418;Me.Sn;0.015;99;LA;37
LKA144;Me.Ce;0.05;50;LK;31
LKA144;Me.Dy;0.05;50;LK;31
LKA144;Me.Er;0.05;50;LK;31
LKA144;Me.Eu;0.05;50;LK;31
LKA144;Me.Gd;0.05;50;LK;31
LKA144;Me.Ho;0.05;50;LK;31
LKA144;Me.La;0.05;50;LK;31
LKA144;Me.Lu;0.05;50;LK;31
LKA144;Me.Nd;0.05;50;LK;31
LKA144;Me.Pr;0.05;50;LK;31
LKA144;Me.Pm;0.05;50;LK;31
LKA144;Me.Sm;0.05;50;LK;31
LKA144;Me.Sc;0.05;50;LK;31
LKA144;Me.Tb;0.05;50;LK;31
LKA144;Me.Tm;0.05;50;LK;31
LKA144;Me.Yb;0.05;50;LK;31
LKA144;Me.Y;0.05;50;LK;31
LBR430;Me.Fe;0.5618;250;LR;7
LBR430;Me.Au;4.00E-06;106;LR;20
LBR430;Nm.dig;1.28E-07;250;LR;74
LSO426;Nm.dig;4.00E-09;250;LS;74
MAR504;Me.Fe;0.606;99;MA;7
MAR504;Me.Cu;0.00905;229;MA;17
MAR504;Me.Au;4.00E-06;106;MA;20
MAR504;Me.Mn;0.297;119;MA;25
MAR504;Me.Hg;0.0105;99;MA;26
MAR504;Me.Ni;0.0135;106;MA;28
MAR504;Me.Ag;3.10E-04;106;MA;34
MDG450;Me.Cr;0.367;250;MG;15
MDG450;Me.Au;4.00E-06;106;MG;20
MDG450;Me.Ce;0.05;50;MG;31
MDG450;Me.Dy;0.05;50;MG;31
MDG450;Me.Er;0.05;50;MG;31
MDG450;Me.Eu;0.05;50;MG;31
MDG450;Me.Gd;0.05;50;MG;31
MDG450;Me.Ho;0.05;50;MG;31
MDG450;Me.La;0.05;50;MG;31
MDG450;Me.Lu;0.05;50;MG;31
MDG450;Me.Nd;0.05;50;MG;31
MDG450;Me.Pr;0.05;50;MG;31
MDG450;Me.Pm;0.05;50;MG;31
MDG450;Me.Sm;0.05;50;MG;31
MDG450;Me.Sc;0.05;50;MG;31
MDG450;Me.Tb;0.05;50;MG;31
MDG450;Me.Tm;0.05;50;MG;31
MDG450;Me.Yb;0.05;50;MG;31
MDG450;Me.Y;0.05;50;MG;31
MKD807;Me.Cu;0.0023;8;MK;17
MKD807;Me.Au;6.00E-06;8;MK;20
MKD807;Me.Ni;0.012;8;MK;28
MKD807;Me.Ag;3.00E-04;106;MK;34
MLI466;Me.Au;4.00E-06;106;ML;20
MLI466;Me.Ag;3.00E-04;106;ML;34
MMR104;Me.Sb;0.05;"120";MM;8
MMR104;Me.Cr;0.373;3;MM;15
MMR104;Me.Cu;0.0052;9;MM;17
MMR104;Me.Au;1.00E-05;120;MM;20
MMR104;Me.Mn;0.4;251;MM;25
MMR104;Me.Ni;0.03;120;MM;28
MMR104;Me.Ag;3.00E-04;106;MM;34
MMR104;Me.Sn;0.015;99;MM;37
MMR104;Me.W;0.00515;99;MM;39
MNG496;Me.Fe;0.53;17;MN;7
MNG496;Me.Cu;0.00552;17;MN;17
MNG496;Me.Au;1.00E-05;120;MN;20
MNG496;Me.Mo;5.00E-04;17;MN;27
MNG496;Me.Ag;3.00E-04;106;MN;34
MNG496;Me.Sn;0.015;99;MN;37
MNG496;Me.W;0.00515;99;MN;39
MRT478;Me.Fe;0.57;6;MR;7
MRT478;Me.Cu;0.0099;9;MR;17
MRT478;Me.Au;4.00E-06;106;MR;20
MWI454;Me.U;0.002;"106";MW;40
MEX484;Me.Fe;0.6;251;MX;7
MEX484;Me.Sb;0.05;120;MX;8
MEX484;Me.Cu;0.0066;22;MX;17
MEX484;Me.Au;1.20E-06;22;MX;20
MEX484;Me.Mn;0.36;82;MX;25
MEX484;Me.Hg;0.0105;99;MX;26
MEX484;Me.Mo;3.00E-04;86;MX;27
MEX484;Me.Ag;3.00E-04;106;MX;34
MEX484;Me.Sn;0.015;99;MX;37
MEX484;Me.W;0.00515;99;MX;39
MYS458;Me.Fe;0.428888889;250;MY;7
MYS458;Me.Sb;0.05;"120";MY;8
MYS458;Me.Al;0.38575;250;MY;10
MYS458;Me.Cu;0.0052;"9";MY;17
MYS458;Me.Au;1.00E-05;120;MY;20
MYS458;Me.Mn;0.357;8;MY;25
MYS458;Me.Ce;0.05;50;MY;31
MYS458;Me.Dy;0.05;50;MY;31
MYS458;Me.Er;0.05;50;MY;31
MYS458;Me.Eu;0.05;50;MY;31
MYS458;Me.Gd;0.05;50;MY;31
MYS458;Me.Ho;0.05;50;MY;31
MYS458;Me.La;0.05;50;MY;31
MYS458;Me.Lu;0.05;50;MY;31
MYS458;Me.Nd;0.05;50;MY;31
MYS458;Me.Pr;0.05;50;MY;31
MYS458;Me.Pm;0.05;50;MY;31
MYS458;Me.Sm;0.05;50;MY;31
MYS458;Me.Sc;0.05;50;MY;31
MYS458;Me.Tb;0.05;50;MY;31
MYS458;Me.Tm;0.05;50;MY;31
MYS458;Me.Yb;0.05;50;MY;31
MYS458;Me.Y;0.05;50;MY;31
MYS458;Me.Ag;3.00E-04;106;MY;34
MYS458;Me.Sn;0.003;120;MY;37
MYS458;Me.W;0.00515;"99";MY;39
MOZ508;Me.Al;0.6;26;MZ;10
MOZ508;Me.Be;0.12;26;MZ;11
MOZ508;Me.Cu;0.0078;"9";MZ;17
MOZ508;Me.Au;4.00E-06;106;MZ;20
DDR278;Me.Cu;0.0099;9;NA;17
DEU280;Me.Cu;0.0099;9;NA;17
NAM516;Me.Cu;0.0099;9;NA;17
YEM886;Me.Cu;0.0099;9;NA;17
YMD720;Me.Cu;0.0099;9;NA;17
BLGLUX;Me.Cu;0.0099;9;NA;17
DDR278;Me.Au;4.00E-06;106;NA;20
DEU280;Me.Au;4.00E-06;106;NA;20
NAM516;Me.Au;4.00E-06;106;NA;20
YEM886;Me.Au;4.00E-06;106;NA;20
YMD720;Me.Au;4.00E-06;106;NA;20
BLGLUX;Me.Au;4.00E-06;106;NA;20
DDR278;Me.Mn;0.329183333;250;NA;25
DEU280;Me.Mn;0.329183333;250;NA;25
NAM516;Me.Mn;0.329183333;250;NA;25
YEM886;Me.Mn;0.329183333;250;NA;25
YMD720;Me.Mn;0.329183333;250;NA;25
BLGLUX;Me.Mn;0.329183333;250;NA;25
DDR278;Me.Ag;3.00E-04;106;NA;34
DEU280;Me.Ag;3.00E-04;106;NA;34
NAM516;Me.Ag;3.00E-04;106;NA;34
YEM886;Me.Ag;3.00E-04;106;NA;34
YMD720;Me.Ag;3.00E-04;106;NA;34
BLGLUX;Me.Ag;3.00E-04;106;NA;34
DDR278;Me.Sn;0.015;"99";NA;37
DEU280;Me.Sn;0.015;"99";NA;37
NAM516;Me.Sn;0.015;"99";NA;37
YEM886;Me.Sn;0.015;"99";NA;37
YMD720;Me.Sn;0.015;"99";NA;37
BLGLUX;Me.Sn;0.015;"99";NA;37
DDR278;Me.W;0.00515;"99";NA;39
DEU280;Me.W;0.00515;"99";NA;39
NAM516;Me.W;0.00515;"99";NA;39
YEM886;Me.W;0.00515;"99";NA;39
YMD720;Me.W;0.00515;"99";NA;39
BLGLUX;Me.W;0.00515;"99";NA;39
DDR278;Me.U;0.002;106;NA;40
DEU280;Me.U;0.002;106;NA;40
NAM516;Me.U;0.002;106;NA;40
YEM886;Me.U;0.002;106;NA;40
YMD720;Me.U;0.002;106;NA;40
BLGLUX;Me.U;0.002;106;NA;40
DDR278;Nm.dig;1.28E-07;250;NA;74
DEU280;Nm.dig;1.28E-07;250;NA;74
NAM516;Nm.dig;1.28E-07;250;NA;74
YEM886;Nm.dig;1.28E-07;250;NA;74
YMD720;Nm.dig;1.28E-07;250;NA;74
BLGLUX;Nm.dig;1.28E-07;250;NA;74
NCL540;Me.Ni;0.025;106;NC;28
NER562;Me.Au;4.00E-06;106;NE;20
NER562;Me.Mo;0.0019;"52";NE;27
NER562;Me.Ag;3.00E-04;106;NE;34
NER562;Me.Sn;0.015;99;NE;37
NER562;Me.U;0.002;106;NE;40
NER562;Nm.S;0.1;250;NE;89
NGA566;Me.Fe;0.5618;250;NG;7
NGA566;Me.Au;4.00E-06;106;NG;20
NGA566;Me.Ce;0.05;50;NG;31
NGA566;Me.Dy;0.05;50;NG;31
NGA566;Me.Er;0.05;50;NG;31
NGA566;Me.Eu;0.05;50;NG;31
NGA566;Me.Gd;0.05;50;NG;31
NGA566;Me.Ho;0.05;50;NG;31
NGA566;Me.La;0.05;50;NG;31
NGA566;Me.Lu;0.05;50;NG;31
NGA566;Me.Nd;0.05;50;NG;31
NGA566;Me.Pr;0.05;50;NG;31
NGA566;Me.Pm;0.05;50;NG;31
NGA566;Me.Sm;0.05;50;NG;31
NGA566;Me.Sc;0.05;50;NG;31
NGA566;Me.Tb;0.05;50;NG;31
NGA566;Me.Tm;0.05;50;NG;31
NGA566;Me.Yb;0.05;50;NG;31
NGA566;Me.Y;0.05;50;NG;31
NGA566;Me.Sn;0.015;99;NG;37
NIC558;Me.Au;3.20E-06;66;NI;20
NIC558;Me.Ag;3.00E-04;106;NI;34
NOR578;Me.Fe;0.33;85;NO;7
NOR578;Me.Cu;0.00905;229;NO;17
NZL554;Me.Fe;0.297;99;NZ;7
NZL554;Me.Au;4.00E-06;106;NZ;20
NZL554;Me.Ag;3.00E-04;106;NZ;34
NZL554;Me.W;0.00515;"99";NZ;39
OMN512;Me.Cr;0.406545455;250;OM;15
OMN512;Me.Cu;0.0052;17;OM;17
OMN512;Me.Au;1.00E-05;120;OM;20
OMN512;Me.Ag;3.00E-04;106;OM;34
PAN591;Me.Au;3.20E-06;250;PA;20
PAN591;Me.Ag;3.00E-04;106;PA;34
PER604;Me.Fe;0.605;6;PE;7
PER604;Me.Sb;0.05;120;PE;8
PER604;Me.Cu;0.018;6;PE;17
PER604;Me.Au;2.27E-06;63;PE;20
PER604;Me.Ag;3.00E-04;106;PE;34
PER604;Me.Sn;0.00238;43;PE;37
PER604;Me.W;0.0098;0;PE;39
PNG598;Me.Cu;0.0052;9;PG;17
PNG598;Me.Au;1.00E-05;120;PG;20
PNG598;Me.Ni;0.03;"120";PG;28
PNG598;Me.Ag;3.00E-04;106;PG;34
PHL608;Me.Fe;0.46;6;PH;7
PHL608;Me.Cr;0.31;38;PH;15
PHL608;Me.Cu;0.0046;42;PH;17
PHL608;Me.Au;1.00E-05;120;PH;20
PHL608;Me.Mn;0.357;8;PH;25
PHL608;Me.Mo;0.0019;"52";PH;27
PHL608;Me.Ni;0.0125;106;PH;28
PHL608;Me.Ag;3.00E-04;106;PH;34
PAK586;Me.Fe;0.428888889;250;PK;7
PAK586;Me.Sb;0.05;120;PK;8
PAK586;Me.Al;0.38575;250;PK;10
PAK586;Me.Cr;0.406545455;250;PK;15
PAK586;Me.Cu;0.0052;9;PK;17
PAK586;Me.U;0.002;106;PK;40
POL616;Me.Cu;0.0074;42;PL;17
POL616;Me.Au;4.00E-06;89;PL;20
POL616;Me.Ni;0.03;"120";PL;28
POL616;Me.Ir;1.00E-05;"120";PL;30
POL616;Me.Os;1.00E-05;"120";PL;30
POL616;Me.Pd;1.00E-05;"120";PL;30
POL616;Me.Pt;1.00E-05;"120";PL;30
POL616;Me.Rh;1.00E-05;"120";PL;30
POL616;Me.Ru;1.00E-05;"120";PL;30
POL616;Me.Ag;3.00E-04;106;PL;34
POL616;Nm.S;0.1;250;PL;89
PRT620;Me.Fe;0.3883;105;PT;7
PRT620;Me.Au;2.86E-06;"106";PT;20
PRT620;Me.Li;0.02;120;PT;23
PRT620;Me.Sn;0.0184;221;PT;37
PRT620;Me.W;0.00515;99;PT;39
PRT620;Me.U;1.20E-04;106;PT;40
ROU642;Me.Fe;0.26;21;RO;7
ROU642;Me.Sb;0.05;"120";RO;8
ROU642;Me.Cu;0.0035;21;RO;17
ROU642;Me.Au;1.00E-05;120;RO;20
ROU642;Me.Mn;0.357;8;RO;25
ROU642;Me.Ag;3.00E-04;106;RO;34
ROU642;Me.U;0.002;106;RO;40
SRB688;Me.Al;0.353666667;250;RS;10
SRB688;Me.Cu;0.0041;21;RS;17
SRB688;Me.Au;6.00E-06;21;RS;20
SRB688;Me.Ni;0.012;21;RS;28
SRB688;Me.Ir;1.00E-05;"120";RS;30
SRB688;Me.Os;1.00E-05;"120";RS;30
SRB688;Me.Pd;1.00E-05;"120";RS;30
SRB688;Me.Pt;1.00E-05;"120";RS;30
SRB688;Me.Rh;1.00E-05;"120";RS;30
SRB688;Me.Ru;1.00E-05;"120";RS;30
SRB688;Me.Ag;3.00E-04;106;RS;34
RUS643;Me.Fe;0.36;25;RU;7
RUS643;Me.Al;0.5;25;RU;10
RUS643;Me.Cr;0.43;3;RU;15
RUS643;Me.Cu;0.016;89;RU;17
RUS643;Me.Au;4.00E-06;89;RU;20
RUS643;Me.Mn;0.215;89;RU;25
RUS643;Me.Mo;6.90E-04;0;RU;27
RUS643;Me.Ce;0.05;50;RU;31
RUS643;Me.Dy;0.05;50;RU;31
RUS643;Me.Er;0.05;50;RU;31
RUS643;Me.Eu;0.05;50;RU;31
RUS643;Me.Gd;0.05;50;RU;31
RUS643;Me.Ho;0.05;50;RU;31
RUS643;Me.La;0.05;50;RU;31
RUS643;Me.Lu;0.05;50;RU;31
RUS643;Me.Nd;0.05;50;RU;31
RUS643;Me.Pr;0.05;50;RU;31
RUS643;Me.Pm;0.05;50;RU;31
RUS643;Me.Sm;0.05;50;RU;31
RUS643;Me.Sc;0.05;50;RU;31
RUS643;Me.Tb;0.05;50;RU;31
RUS643;Me.Tm;0.05;50;RU;31
RUS643;Me.Yb;0.05;50;RU;31
RUS643;Me.Y;0.05;50;RU;31
RUS643;Me.Ag;5.06E-04;0;RU;34
RUS643;Me.Sn;0.015;99;RU;37
RUS643;Me.W;0.00165;25;RU;39
RUS643;Me.U;0.0024;25;RU;40
RUS643;Nm.dig;6.98E-07;250;RU;74
RUS643;Me.K2O;0.45;251;RU;86
RUS643;Nm.S;0.1;250;RU;89
RWA646;Me.Au;4.00E-06;"106";RW;20
RWA646;Me.Sn;0.015;99;RW;37
RWA646;Me.W;0.00515;99;RW;39
SAU682;Me.Cu;0.0052;9;SA;17
SAU682;Me.Au;1.00E-05;120;SA;20
SAU682;Me.Ag;3.00E-04;106;SA;34
SLB090;Me.Au;4.00E-06;106;SB;20
SLB090;Me.Ag;3.00E-04;106;SB;34
SDN729;Me.Cr;0.373;3;SD;15
SDN736;Me.Cr;0.373;3;SD;15
SDN729;Me.Au;4.00E-06;106;SD;20
SDN736;Me.Au;4.00E-06;106;SD;20
SDN729;Me.Mn;0.325;119;SD;25
SDN736;Me.Mn;0.325;119;SD;25
SDN729;Me.Ag;3.00E-04;106;SD;34
SDN736;Me.Ag;3.00E-04;106;SD;34
SWE752;Me.Fe;0.6;52;SE;7
SWE752;Me.Cu;0.0038;47;SE;17
SWE752;Me.Au;3.00E-06;47;SE;20
SWE752;Me.W;0.00515;"99";SE;39
SVN705;Me.Hg;0.0105;"99";SI;26
SVK703;Me.Fe;0.365511111;250;SK;7
SVK703;Me.Cu;0.0074;"42";SK;17
SVK703;Me.Au;1.00E-05;120;SK;20
SVK703;Me.Ag;3.00E-04;106;SK;34
SLE694;Me.Fe;0.46;6;SL;7
SLE694;Me.Al;0.6;250;SL;10
SLE694;Me.Au;4.00E-06;106;SL;20
SLE694;Nm.dig;1.28E-07;250;SL;74
SLE694;Nm.dii;1.28E-07;250;SL;75
SEN686;Me.Au;4.00E-06;106;SN;20
SUR740;Me.Al;0.5;2;SR;10
SUR740;Me.Au;7.50E-05;90;SR;20
SUN810;Me.Fe;0.428888889;250;SU;7
SUN810;Me.Al;0.38575;250;SU;10
SUN810;Me.Sb;0.01;89;SU;8
SUN810;Me.Cr;0.43;3;SU;15
SUN810;Me.Cu;0.016;89;SU;17
SUN810;Me.Au;4.00E-06;89;SU;20
SUN810;Me.Li;0.005;97;SU;23
SUN810;Me.Mn;0.215;89;SU;25
SUN810;Me.Hg;0.0105;99;SU;26
SUN810;Me.Mo;6.90E-04;25;SU;27
SUN810;Me.Ir;1.00E-05;89;SU;30
SUN810;Me.Os;1.00E-05;89;SU;30
SUN810;Me.Pd;1.00E-05;89;SU;30
SUN810;Me.Pt;1.00E-05;89;SU;30
SUN810;Me.Rh;1.00E-05;89;SU;30
SUN810;Me.Ru;1.00E-05;89;SU;30
SUN810;Me.Ce;0.03;50;SU;31
SUN810;Me.Dy;0.03;50;SU;31
SUN810;Me.Er;0.03;50;SU;31
SUN810;Me.Eu;0.03;50;SU;31
SUN810;Me.Gd;0.03;50;SU;31
SUN810;Me.Ho;0.03;50;SU;31
SUN810;Me.La;0.03;50;SU;31
SUN810;Me.Lu;0.03;50;SU;31
SUN810;Me.Nd;0.03;50;SU;31
SUN810;Me.Pr;0.03;50;SU;31
SUN810;Me.Pm;0.03;50;SU;31
SUN810;Me.Sm;0.03;50;SU;31
SUN810;Me.Sc;0.03;50;SU;31
SUN810;Me.Tb;0.03;50;SU;31
SUN810;Me.Tm;0.03;50;SU;31
SUN810;Me.Yb;0.03;50;SU;31
SUN810;Me.Y;0.03;50;SU;31
SUN810;Me.Ag;5.06E-04;25;SU;34
SUN810;Me.Sn;0.02;99;SU;37
SUN810;Me.W;0.00165;25;SU;39
SUN810;Me.U;0.0024;25;SU;40
SUN810;Nm.dig;6.98E-07;250;SU;74
SUN810;Nm.dii;6.98E-07;250;SU;75
SUN810;Me.K2O;0.45;251;SU;86
SUN810;Nm.S;0.1;250;SU;89
SLV222;Me.Au;4.00E-06;"106";SV;20
SLV222;Me.Ag;3.00E-04;"106";SV;34
SWZ748;Nm.dig;1.28E-07;250;SZ;74
SWZ748;Nm.dii;1.28E-07;250;SZ;75
TCD148;Me.Au;4.00E-06;"106";TD;20
TGO768;Me.Au;4.00E-06;106;TG;20
TGO768;Nm.dii;1.28E-07;250;TG;75
THA764;Me.Fe;0.46;6;TH;7
THA764;Me.Sb;0.05;120;TH;8
THA764;Me.Au;1.00E-05;120;TH;20
THA764;Me.Mn;0.3573;8;TH;25
THA764;Me.Ce;0.05;50;TH;31
THA764;Me.Dy;0.05;50;TH;31
THA764;Me.Er;0.05;50;TH;31
THA764;Me.Eu;0.05;50;TH;31
THA764;Me.Gd;0.05;50;TH;31
THA764;Me.Ho;0.05;50;TH;31
THA764;Me.La;0.05;50;TH;31
THA764;Me.Lu;0.05;50;TH;31
THA764;Me.Nd;0.05;50;TH;31
THA764;Me.Pr;0.05;50;TH;31
THA764;Me.Pm;0.05;50;TH;31
THA764;Me.Sm;0.05;50;TH;31
THA764;Me.Sc;0.05;50;TH;31
THA764;Me.Tb;0.05;50;TH;31
THA764;Me.Tm;0.05;50;TH;31
THA764;Me.Yb;0.05;50;TH;31
THA764;Me.Y;0.05;50;TH;31
THA764;Me.Ag;3.00E-04;106;TH;34
THA764;Me.Sn;0.015;99;TH;37
THA764;Me.W;0.00515;99;TH;39
TJK762;Me.Sb;0.05;120;TJ;8
TJK762;Me.Au;3.20E-06;92;TJ;20
TJK762;Me.Hg;0.0105;99;TJ;26
TJK762;Me.Ag;3.00E-04;"106";TJ;34
TJK762;Me.W;0.0047;"26";TJ;39
TKM795;Nm.S;0.1;250;TM;89
TUN788;Me.Fe;0.5618;250;TN;7
TUN788;Me.Ag;3.00E-04;106;TN;34
TUR792;Me.Fe;0.54;99;TR;7
TUR792;Me.Al;0.205;38;TR;10
TUR792;Me.Sb;0.05;120;TR;8
TUR792;Me.Cr;0.38;3;TR;15
TUR792;Me.Cu;0.016;99;TR;17
TUR792;Me.Au;1.00E-05;120;TR;20
TUR792;Me.Mn;0.35;99;TR;25
TUR792;Me.Hg;0.03;"120";TR;26
TUR792;Me.Mo;0.0019;"52";TR;27
TUR792;Me.Ni;0.015271429;250;TR;28
TUR792;Me.Ag;3.00E-04;106;TR;34
TUR792;Me.W;0.00515;"99";TR;39
TZA834;Me.Al;0.6;250;TZ;10
TZA834;Me.Au;4.00E-06;106;TZ;20
TZA834;Me.Ag;3.00E-04;106;TZ;34
TZA834;Nm.dig;6.53E-08;250;TZ;74
TZA834;Nm.dii;6.53E-08;250;TZ;75
UKR804;Me.Fe;0.25;12;UA;7
UKR804;Me.Au;4.00E-06;89;UA;20
UKR804;Me.Mn;0.239;95;UA;25
UKR804;Me.Ni;0.008;95;UA;28
UKR804;Me.U;0.0024;25;UA;40
UKR804;Me.K2O;0.45;251;UA;86
UKR804;Nm.S;0.1;250;UA;89
UGA800;Me.Fe;0.5618;250;UG;7
UGA800;Me.Co;0.003;120;UG;16
UGA800;Me.Au;4.00E-06;106;UG;20
UGA800;Me.Sn;0.015;99;UG;37
UGA800;Me.W;0.00515;99;UG;39
USA840;Me.Fe;0.28;6;US;7
USA840;Me.Al;0.431928571;250;US;10
USA840;Me.Sb;0.05;120;US;8
USA840;Me.Cu;0.0038;99;US;17
USA840;Me.Au;1.10E-06;255;US;20
USA840;Me.Li;0.07;40;US;23
USA840;Me.Mn;0.225;106;US;25
USA840;Me.Hg;0.0105;99;US;26
USA840;Me.Ni;0.025;106;US;28
USA840;Me.Ir;2.40E-05;99;US;30
USA840;Me.Os;2.40E-05;99;US;30
USA840;Me.Pd;2.40E-05;99;US;30
USA840;Me.Pt;2.40E-05;99;US;30
USA840;Me.Rh;2.40E-05;99;US;30
USA840;Me.Ru;2.40E-05;99;US;30
USA840;Me.Ce;0.03;50;US;31
USA840;Me.Dy;0.03;50;US;31
USA840;Me.Er;0.03;50;US;31
USA840;Me.Eu;0.03;50;US;31
USA840;Me.Gd;0.03;50;US;31
USA840;Me.Ho;0.03;50;US;31
USA840;Me.La;0.03;50;US;31
USA840;Me.Lu;0.03;50;US;31
USA840;Me.Nd;0.03;50;US;31
USA840;Me.Pr;0.03;50;US;31
USA840;Me.Pm;0.03;50;US;31
USA840;Me.Sm;0.03;50;US;31
USA840;Me.Sc;0.03;50;US;31
USA840;Me.Tb;0.03;50;US;31
USA840;Me.Tm;0.03;50;US;31
USA840;Me.Yb;0.03;50;US;31
USA840;Me.Y;0.03;50;US;31
USA840;Me.Sn;0.00151;43;US;37
USA840;Me.W;0.00515;99;US;39
USA840;Me.U;0.002;106;US;40
USA840;Me.K2O;0.45;251;US;86
URY858;Me.Fe;0.4;96;UY;7
URY858;Me.Au;2.60E-06;15;UY;20
UZB860;Me.Cu;0.0045;97;UZ;17
UZB860;Me.Au;7.00E-06;97;UZ;20
UZB860;Me.Mo;4.50E-05;0;UZ;27
UZB860;Me.Ag;3.00E-04;106;UZ;34
UZB860;Me.W;0.0047;26;UZ;39
UZB860;Me.U;0.0012;80;UZ;40
VEN862;Me.Fe;0.46;98;VE;7
VEN862;Me.Al;0.485;2;VE;10
VEN862;Me.Au;1.30E-06;98;VE;20
VEN862;Me.Ni;0.0198;0;VE;28
VEN862;Nm.dig;3.01E-07;250;VE;74
VEN862;Nm.dii;3.01E-07;250;VE;75
VNM704;Me.Fe;0.428888889;250;VN;7
VNM704;Me.Al;0.38575;250;VN;10
VNM704;Me.Cr;0.406545455;250;VN;15
VNM704;Me.Cu;0.0052;9;VN;17
VNM704;Me.Au;1.00E-05;120;VN;20
VNM704;Me.Sn;0.015;99;VN;37
VNM704;Me.W;0.00515;"99";VN;39
YUG890;Me.Fe;0.46;6;YU;7
YUG890;Me.Cu;0.00640625;250;YU;17
YUG890;Me.Au;6.00E-06;21;YU;20
YUG890;Me.Mn;0.18;21;YU;25
YUG890;Me.Hg;0.03;120;YU;26
YUG890;Me.Ag;3.00E-04;106;YU;34
YUG890;Me.U;0.002;106;YU;40
ZAF710;Me.Fe;0.633;99;ZA;7
ZAF710;Me.Cr;0.44;3;ZA;15
ZAF710;Me.Cu;0.01;255;ZA;17
ZAF710;Me.Au;4.52E-06;255;ZA;20
ZAF710;Me.Mn;0.4393;119;ZA;25
ZAF710;Me.Ir;1.00E-05;120;ZA;30
ZAF710;Me.Os;1.00E-05;120;ZA;30
ZAF710;Me.Pd;1.00E-05;120;ZA;30
ZAF710;Me.Pt;1.00E-05;120;ZA;30
ZAF710;Me.Rh;1.00E-05;120;ZA;30
ZAF710;Me.Ru;1.00E-05;120;ZA;30
ZAF710;Me.Ce;0.05;50;ZA;31
ZAF710;Me.Dy;0.05;50;ZA;31
ZAF710;Me.Er;0.05;50;ZA;31
ZAF710;Me.Eu;0.05;50;ZA;31
ZAF710;Me.Gd;0.05;50;ZA;31
ZAF710;Me.Ho;0.05;50;ZA;31
ZAF710;Me.La;0.05;50;ZA;31
ZAF710;Me.Lu;0.05;50;ZA;31
ZAF710;Me.Nd;0.05;50;ZA;31
ZAF710;Me.Pr;0.05;50;ZA;31
ZAF710;Me.Pm;0.05;50;ZA;31
ZAF710;Me.Sm;0.05;50;ZA;31
ZAF710;Me.Sc;0.05;50;ZA;31
ZAF710;Me.Tb;0.05;50;ZA;31
ZAF710;Me.Tm;0.05;50;ZA;31
ZAF710;Me.Yb;0.05;50;ZA;31
ZAF710;Me.Y;0.05;50;ZA;31
ZAF710;Me.Ag;3.00E-04;106;ZA;34
ZAF710;Me.Sn;0.015;"99";ZA;37
ZAF710;Me.U;0.002;106;ZA;40
ZAF710;Nm.dig;4.81E-08;250;ZA;74
ZMB894;Me.Cu;0.0099;9;ZM;17
ZMB894;Me.Au;4.00E-06;106;ZM;20
ZMB894;Me.Ni;0.0055;106;ZM;28
ZMB894;Me.Ag;3.00E-04;106;ZM;34
ZWE716;Me.Fe;0.5;27;ZW;7
ZWE716;Me.Sb;0.05;"120";ZW;8
ZWE716;Me.Cr;0.46;3;ZW;15
ZWE716;Me.Cu;0.0099;9;ZW;17
ZWE716;Me.Au;6.20E-06;106;ZW;20
ZWE716;Me.Li;0.0135;40;ZW;23
ZWE716;Me.Ni;0.0055;106;ZW;28
ZWE716;Me.Ir;1.00E-05;120;ZW;30
ZWE716;Me.Os;1.00E-05;120;ZW;30
ZWE716;Me.Pd;1.00E-05;120;ZW;30
ZWE716;Me.Pt;1.00E-05;120;ZW;30
ZWE716;Me.Rh;1.00E-05;120;ZW;30
ZWE716;Me.Ru;1.00E-05;120;ZW;30
ZWE716;Me.Ag;3.00E-04;106;ZW;34
ZWE716;Me.Sn;0.015;"99";ZW;37
ZWE716;Me.W;0.00515;"99";ZW;39
ZWE716;Nm.dig;4.65E-07;250;ZW;74
BEL056;Me.U;1.20E-04;106;BE;40
TWN158;Me.Cu;0.008;"52";TW;17
TWN158;Me.Au;8.00E-06;52;TW;20
DNK208;Me.Ag;3.00E-04;"106";DK;34
DNK208;Me.Au;4.00E-06;"106";DK;20
AGO024;Nm.dii;5.41E-08;250;AO;75
AUS036;Nm.dii;9.42E-07;250;AU;75
BRA076;Nm.dii;3.01E-07;250;BR;75
BWA072;Nm.dii;1.43E-07;250;BW;75
CIV384;Nm.dii;1.28E-07;250;CI;75
CHN156;Nm.dii;5.07E-07;250;CN;75
IND356;Nm.dii;1.27E-07;250;IN;75
LBR430;Nm.dii;1.28E-07;250;LR;75
DDR278;Nm.dii;1.28E-07;250;NA;75
DEU280;Nm.dii;1.28E-07;250;NA;75
NAM516;Nm.dii;1.28E-07;250;NA;75
YEM886;Nm.dii;1.28E-07;250;NA;75
YMD720;Nm.dii;1.28E-07;250;NA;75
BLGLUX;Nm.dii;1.28E-07;250;NA;75
RUS643;Nm.dii;6.98E-07;250;RU;75
TZA834;Nm.dii;6.53E-08;250;TZ;75
VEN862;Nm.dii;3.01E-07;250;VE;75
ZAF710;Nm.dii;4.81E-08;250;ZA;75
ZWE716;Nm.dii;4.65E-07;250;ZW;75
AFG004;Me.Au;4.00E-06;106;AF;20
AGO024;Me.Au;4.00E-06;106;AO;20
AUT040;Me.Cu;0.0074;42;AT;17
AUT040;Me.Ag;3.00E-04;106;AT;34
AUS036;Me.Hg;0.0105;99;AU;26
AUS036;Me.Mo;1.90E-04;52;AU;27
BDI108;Me.Ce;0.05;50;BI;31
BDI108;Me.Dy;0.05;50;BI;31
BDI108;Me.Er;0.05;50;BI;31
BDI108;Me.Eu;0.05;50;BI;31
BDI108;Me.Gd;0.05;50;BI;31
BDI108;Me.Ho;0.05;50;BI;31
BDI108;Me.La;0.05;50;BI;31
BDI108;Me.Lu;0.05;50;BI;31
BDI108;Me.Nd;0.05;50;BI;31
BDI108;Me.Pr;0.05;50;BI;31
BDI108;Me.Pm;0.05;50;BI;31
BDI108;Me.Sm;0.05;50;BI;31
BDI108;Me.Sc;0.05;50;BI;31
BDI108;Me.Tb;0.05;50;BI;31
BDI108;Me.Tm;0.05;50;BI;31
BDI108;Me.Yb;0.05;50;BI;31
BDI108;Me.Y;0.05;50;BI;31
BWA072;Nm.dig;1.43E-07;250;BW;74
CAN124;Me.Hg;0.0105;99;CA;26
CAF140;Nm.dig;1.28E-07;250;CF;74
CAF140;Nm.dii;1.28E-07;250;CF;75
COG178;Me.Sn;0.015;99;CG;37
COG178;Me.K2O;0.45;251;CG;86
CHN156;Nm.S;0.1;250;CN;89
COL170;Me.Hg;0.0105;99;CO;26
COL170;Nm.S;0.1;250;CO;89
DZA012;Me.Sb;0.05;120;DZ;8
ECU218;Nm.S;0.1;250;EC;89
EGY818;Me.Sn;0.015;99;EG;37
FRA250;Me.Sn;0.015;99;FR;37
GEO268;Me.Ag;3.00E-04;106;GE;34
GRL304;Me.Au;2.62E-06;255;GL;20
GRL304;Me.Ag;4.50E-04;33;GL;34
GTM320;Me.W;0.00515;99;GT;39
HKG344;Me.Fe;0.3;6;HK;7
HKG344;Me.W;0.00165;50;HK;39
HTI332;Me.Cu;0.0099;9;HT;17
HTI332;Me.Au;4.00E-06;106;HT;20
HTI332;Me.Ag;3.00E-04;106;HT;34
HUN348;Me.Cu;0.0074;42;HU;17
IRL372;Me.Hg;0.0105;99;IE;26
IND356;Me.Sb;0.05;120;IN;8
IND356;Me.Sn;0.015;99;IN;37
JPN392;Me.Sb;0.05;120;JP;8
JPN392;Me.Hg;0.0105;99;JP;26
KEN404;Me.Cu;0.0099;9;KE;17
KGZ417;Me.Cu;0.0099;9;KG;17
KHM116;Me.Au;4.00E-06;106;KH;20
KOR410;Me.Sb;0.05;120;KR;8
KOR410;Me.Sn;0.015;99;KR;37
KAZ398;Me.Ce;0.03;50;KZ;31
KAZ398;Me.Dy;0.03;50;KZ;31
KAZ398;Me.Er;0.03;50;KZ;31
KAZ398;Me.Eu;0.03;50;KZ;31
KAZ398;Me.Gd;0.03;50;KZ;31
KAZ398;Me.Ho;0.03;50;KZ;31
KAZ398;Me.La;0.03;50;KZ;31
KAZ398;Me.Lu;0.03;50;KZ;31
KAZ398;Me.Nd;0.03;50;KZ;31
KAZ398;Me.Pr;0.03;50;KZ;31
KAZ398;Me.Pm;0.03;50;KZ;31
KAZ398;Me.Sm;0.03;50;KZ;31
KAZ398;Me.Sc;0.03;50;KZ;31
KAZ398;Me.Tb;0.03;50;KZ;31
KAZ398;Me.Tm;0.03;50;KZ;31
KAZ398;Me.Yb;0.03;50;KZ;31
KAZ398;Me.Y;0.03;50;KZ;31
LSO426;Nm.dig;4.00E-09;250;LS;74
MAR504;Me.Sn;0.015;99;MA;37
MNE499;Me.Al;0.353666667;250;ME;10
NGA566;Me.W;0.00515;99;NG;39
NIC558;Me.Cu;0.0099;9;NI;17
NLD528;Me.W;0.00515;99;NL;39
NZL554;Me.Cu;0.0101;9;NZ;17
PER604;Me.Hg;0.0105;99;PE;26
PHL608;Me.Hg;0.0105;99;PH;26
PHL608;Me.Ir;1.00E-05;120;PH;30
PHL608;Me.Os;1.00E-05;120;PH;30
PHL608;Me.Pd;1.00E-05;120;PH;30
PHL608;Me.Pt;1.00E-05;120;PH;30
PHL608;Me.Rh;1.00E-05;120;PH;30
PHL608;Me.Ru;1.00E-05;120;PH;30
PAK586;Me.Ag;3.00E-04;106;PK;34
PRT620;Me.Sb;0.05;120;PT;8
RUS643;Nm.S;0.1;250;RU;89
SVK703;Me.Hg;0.0105;99;SK;26
SSD728;Me.Au;4.00E-06;106;SS;20
SUN810;Nm.dig;6.98E-07;250;SU;74
SUN810;Nm.dii;6.98E-07;250;SU;75
SUN810;Nm.S;0.1;250;SU;89
TUN788;Me.Hg;0.0105;99;TN;26
TUR792;Nm.S;0.1;250;TR;89
TZA834;Me.Sn;0.015;99;TZ;37
TZA834;Me.W;0.00515;99;TZ;39
TZA834;Nm.dig;6.53E-08;250;TZ;74
UKR804;Nm.S;0.1;250;UA;89
UGA800;Me.Cu;0.0099;9;UG;17
VEN862;Nm.dig;3.01E-07;250;VE;74
VNM704;Me.Sb;0.05;120;VN;8
VNM704;Me.Ni;0.03;120;VN;28
VNM704;Me.Ce;0.03;50;VN;31
VNM704;Me.Dy;0.03;50;VN;31
VNM704;Me.Er;0.03;50;VN;31
VNM704;Me.Eu;0.03;50;VN;31
VNM704;Me.Gd;0.03;50;VN;31
VNM704;Me.Ho;0.03;50;VN;31
VNM704;Me.La;0.03;50;VN;31
VNM704;Me.Lu;0.03;50;VN;31
VNM704;Me.Nd;0.03;50;VN;31
VNM704;Me.Pr;0.03;50;VN;31
VNM704;Me.Pm;0.03;50;VN;31
VNM704;Me.Sm;0.03;50;VN;31
VNM704;Me.Sc;0.03;50;VN;31
VNM704;Me.Tb;0.03;50;VN;31
VNM704;Me.Tm;0.03;50;VN;31
VNM704;Me.Yb;0.03;50;VN;31
VNM704;Me.Y;0.03;50;VN;31
POL616;Nm.S;0.1;250;PL;89
UNK000;Me.Ni;0.012;21;XK;28
SCG891;Me.Al;0.353666667;250;XS;10
SCG891;Me.Cu;0.0041;21;XS;17
SCG891;Me.Au;6.00E-06;21;XS;20
SCG891;Me.Ni;0.012;21;XS;28
SCG891;Me.Ir;1.00E-05;"120";XS;30
SCG891;Me.Os;1.00E-05;"120";XS;30
SCG891;Me.Pd;1.00E-05;"120";XS;30
SCG891;Me.Pt;1.00E-05;"120";XS;30
SCG891;Me.Rh;1.00E-05;"120";XS;30
SCG891;Me.Ru;1.00E-05;"120";XS;30
SCG891;Me.Ag;3.00E-04;106;XS;34
ZAF710;Me.W;0.00515;99;ZA;39
